{
  "val": {
    "mae": 0.006050651427358389,
    "rmse": 0.008267163299024105,
    "directional_accuracy": 0.5740740740740741
  },
  "test": {
    "mae": 0.007401063106954098,
    "rmse": 0.012235671281814575,
    "directional_accuracy": 0.5806451612903226
  }
}