{
  "val": {
    "mae": 0.007044319529086351,
    "rmse": 0.009803238324820995,
    "directional_accuracy": 0.452
  },
  "test": {
    "mae": 0.0067429570481181145,
    "rmse": 0.010157437063753605,
    "directional_accuracy": 0.42418032786885246
  }
}