{
  "val": {
    "mae": 0.007466680835932493,
    "rmse": 0.009473039768636227,
    "directional_accuracy": 0.472
  },
  "test": {
    "mae": 0.006860057823359966,
    "rmse": 0.010221547447144985,
    "directional_accuracy": 0.42418032786885246
  }
}