feature,mean_abs_shap
ma_5,0.0003663505424879685
log_return,0.0002828460768604238
Close,0.0002189178961321241
news_count,0.00015192400506668351
High,0.00012311877705440614
Low,8.900132601259677e-05
ma_20,5.782020051165369e-05
vix_level,5.686219852025452e-05
rolling_vol_20,5.259954371582333e-05
Volume,4.638982651116338e-05
Open,2.9369961537779838e-05
sentiment_mean,0.0
sentiment_neg_mean,0.0
sentiment_pos_mean,0.0
