feature,mean_abs_shap
ma_5,0.00040553509879825696
log_return,0.00032071455168829844
Close,0.0002310716262878798
news_count,0.0002128368615163133
High,0.00016784688754027075
rolling_vol_20,0.0001486070799849981
Open,9.466101236705417e-05
Volume,8.622012073223049e-05
Low,5.8883831747391744e-05
ma_20,5.328126291373785e-05
sentiment_mean,0.0
sentiment_pos_mean,0.0
sentiment_neg_mean,0.0
